"Action",19,"2006-02-15 04:46:27"
"Action",21,"2006-02-15 04:46:27"
"Action",29,"2006-02-15 04:46:27"
"Action",38,"2006-02-15 04:46:27"
"Action",56,"2006-02-15 04:46:27"
"Action",67,"2006-02-15 04:46:27"
"Action",97,"2006-02-15 04:46:27"
"Action",105,"2006-02-15 04:46:27"
"Action",111,"2006-02-15 04:46:27"
"Action",115,"2006-02-15 04:46:27"
"Action",126,"2006-02-15 04:46:27"
"Action",130,"2006-02-15 04:46:27"
"Action",162,"2006-02-15 04:46:27"
"Action",194,"2006-02-15 04:46:27"
"Action",205,"2006-02-15 04:46:27"
"Action",210,"2006-02-15 04:46:27"
"Action",212,"2006-02-15 04:46:27"
"Action",229,"2006-02-15 04:46:27"
"Action",250,"2006-02-15 04:46:27"
"Action",252,"2006-02-15 04:46:27"
"Action",253,"2006-02-15 04:46:27"
"Action",271,"2006-02-15 04:46:27"
"Action",287,"2006-02-15 04:46:27"
"Action",292,"2006-02-15 04:46:27"
"Action",303,"2006-02-15 04:46:27"
"Action",318,"2006-02-15 04:46:27"
"Action",327,"2006-02-15 04:46:27"
"Action",329,"2006-02-15 04:46:27"
"Action",360,"2006-02-15 04:46:27"
"Action",371,"2006-02-15 04:46:27"
"Action",375,"2006-02-15 04:46:27"
"Action",395,"2006-02-15 04:46:27"
"Action",417,"2006-02-15 04:46:27"
"Action",501,"2006-02-15 04:46:27"
"Action",511,"2006-02-15 04:46:27"
"Action",530,"2006-02-15 04:46:27"
"Action",542,"2006-02-15 04:46:27"
"Action",549,"2006-02-15 04:46:27"
"Action",574,"2006-02-15 04:46:27"
"Action",579,"2006-02-15 04:46:27"
"Action",586,"2006-02-15 04:46:27"
"Action",594,"2006-02-15 04:46:27"
"Action",659,"2006-02-15 04:46:27"
"Action",664,"2006-02-15 04:46:27"
"Action",697,"2006-02-15 04:46:27"
"Action",707,"2006-02-15 04:46:27"
"Action",717,"2006-02-15 04:46:27"
"Action",732,"2006-02-15 04:46:27"
"Action",748,"2006-02-15 04:46:27"
"Action",793,"2006-02-15 04:46:27"
"Action",794,"2006-02-15 04:46:27"
"Action",802,"2006-02-15 04:46:27"
"Action",823,"2006-02-15 04:46:27"
"Action",825,"2006-02-15 04:46:27"
"Action",838,"2006-02-15 04:46:27"
"Action",850,"2006-02-15 04:46:27"
"Action",869,"2006-02-15 04:46:27"
"Action",911,"2006-02-15 04:46:27"
"Action",915,"2006-02-15 04:46:27"
"Action",927,"2006-02-15 04:46:27"
"Action",964,"2006-02-15 04:46:27"
"Action",968,"2006-02-15 04:46:27"
"Action",982,"2006-02-15 04:46:27"
"Action",991,"2006-02-15 04:46:27"
"Animation",18,"2006-02-15 04:46:27"
"Animation",23,"2006-02-15 04:46:27"
"Animation",36,"2006-02-15 04:46:27"
"Animation",70,"2006-02-15 04:46:27"
"Animation",78,"2006-02-15 04:46:27"
"Animation",89,"2006-02-15 04:46:27"
"Animation",118,"2006-02-15 04:46:27"
"Animation",121,"2006-02-15 04:46:27"
"Animation",134,"2006-02-15 04:46:27"
"Animation",154,"2006-02-15 04:46:27"
"Animation",160,"2006-02-15 04:46:27"
"Animation",193,"2006-02-15 04:46:27"
"Animation",208,"2006-02-15 04:46:27"
"Animation",223,"2006-02-15 04:46:27"
"Animation",239,"2006-02-15 04:46:27"
"Animation",241,"2006-02-15 04:46:27"
"Animation",243,"2006-02-15 04:46:27"
"Animation",245,"2006-02-15 04:46:27"
"Animation",259,"2006-02-15 04:46:27"
"Animation",268,"2006-02-15 04:46:27"
"Animation",300,"2006-02-15 04:46:27"
"Animation",314,"2006-02-15 04:46:27"
"Animation",325,"2006-02-15 04:46:27"
"Animation",326,"2006-02-15 04:46:27"
"Animation",330,"2006-02-15 04:46:27"
"Animation",349,"2006-02-15 04:46:27"
"Animation",355,"2006-02-15 04:46:27"
"Animation",402,"2006-02-15 04:46:27"
"Animation",430,"2006-02-15 04:46:27"
"Animation",433,"2006-02-15 04:46:27"
"Animation",456,"2006-02-15 04:46:27"
"Animation",461,"2006-02-15 04:46:27"
"Animation",464,"2006-02-15 04:46:27"
"Animation",470,"2006-02-15 04:46:27"
"Animation",489,"2006-02-15 04:46:27"
"Animation",510,"2006-02-15 04:46:27"
"Animation",541,"2006-02-15 04:46:27"
"Animation",564,"2006-02-15 04:46:27"
"Animation",569,"2006-02-15 04:46:27"
"Animation",582,"2006-02-15 04:46:27"
"Animation",583,"2006-02-15 04:46:27"
"Animation",615,"2006-02-15 04:46:27"
"Animation",644,"2006-02-15 04:46:27"
"Animation",649,"2006-02-15 04:46:27"
"Animation",651,"2006-02-15 04:46:27"
"Animation",690,"2006-02-15 04:46:27"
"Animation",692,"2006-02-15 04:46:27"
"Animation",693,"2006-02-15 04:46:27"
"Animation",696,"2006-02-15 04:46:27"
"Animation",703,"2006-02-15 04:46:27"
"Animation",743,"2006-02-15 04:46:27"
"Animation",805,"2006-02-15 04:46:27"
"Animation",816,"2006-02-15 04:46:27"
"Animation",820,"2006-02-15 04:46:27"
"Animation",849,"2006-02-15 04:46:27"
"Animation",859,"2006-02-15 04:46:27"
"Animation",865,"2006-02-15 04:46:27"
"Animation",880,"2006-02-15 04:46:27"
"Animation",886,"2006-02-15 04:46:27"
"Animation",887,"2006-02-15 04:46:27"
"Animation",892,"2006-02-15 04:46:27"
"Animation",901,"2006-02-15 04:46:27"
"Animation",916,"2006-02-15 04:46:27"
"Animation",953,"2006-02-15 04:46:27"
"Animation",963,"2006-02-15 04:46:27"
"Animation",986,"2006-02-15 04:46:27"
"Children",48,"2006-02-15 04:46:27"
"Children",59,"2006-02-15 04:46:27"
"Children",66,"2006-02-15 04:46:27"
"Children",68,"2006-02-15 04:46:27"
"Children",110,"2006-02-15 04:46:27"
"Children",124,"2006-02-15 04:46:27"
"Children",149,"2006-02-15 04:46:27"
"Children",152,"2006-02-15 04:46:27"
"Children",157,"2006-02-15 04:46:27"
"Children",168,"2006-02-15 04:46:27"
"Children",191,"2006-02-15 04:46:27"
"Children",214,"2006-02-15 04:46:27"
"Children",238,"2006-02-15 04:46:27"
"Children",280,"2006-02-15 04:46:27"
"Children",304,"2006-02-15 04:46:27"
"Children",328,"2006-02-15 04:46:27"
"Children",343,"2006-02-15 04:46:27"
"Children",344,"2006-02-15 04:46:27"
"Children",354,"2006-02-15 04:46:27"
"Children",356,"2006-02-15 04:46:27"
"Children",370,"2006-02-15 04:46:27"
"Children",373,"2006-02-15 04:46:27"
"Children",392,"2006-02-15 04:46:27"
"Children",409,"2006-02-15 04:46:27"
"Children",423,"2006-02-15 04:46:27"
"Children",424,"2006-02-15 04:46:27"
"Children",450,"2006-02-15 04:46:27"
"Children",468,"2006-02-15 04:46:27"
"Children",485,"2006-02-15 04:46:27"
"Children",491,"2006-02-15 04:46:27"
"Children",505,"2006-02-15 04:46:27"
"Children",509,"2006-02-15 04:46:27"
"Children",515,"2006-02-15 04:46:27"
"Children",547,"2006-02-15 04:46:27"
"Children",553,"2006-02-15 04:46:27"
"Children",573,"2006-02-15 04:46:27"
"Children",588,"2006-02-15 04:46:27"
"Children",608,"2006-02-15 04:46:27"
"Children",626,"2006-02-15 04:46:27"
"Children",688,"2006-02-15 04:46:27"
"Children",735,"2006-02-15 04:46:27"
"Children",755,"2006-02-15 04:46:27"
"Children",761,"2006-02-15 04:46:27"
"Children",768,"2006-02-15 04:46:27"
"Children",786,"2006-02-15 04:46:27"
"Children",801,"2006-02-15 04:46:27"
"Children",833,"2006-02-15 04:46:27"
"Children",852,"2006-02-15 04:46:27"
"Children",853,"2006-02-15 04:46:27"
"Children",864,"2006-02-15 04:46:27"
"Children",873,"2006-02-15 04:46:27"
"Children",883,"2006-02-15 04:46:27"
"Children",889,"2006-02-15 04:46:27"
"Children",896,"2006-02-15 04:46:27"
"Children",918,"2006-02-15 04:46:27"
"Children",928,"2006-02-15 04:46:27"
"Children",955,"2006-02-15 04:46:27"
"Children",959,"2006-02-15 04:46:27"
"Children",993,"2006-02-15 04:46:27"
"Children",999,"2006-02-15 04:46:27"
"Classics",14,"2006-02-15 04:46:27"
"Classics",37,"2006-02-15 04:46:27"
"Classics",60,"2006-02-15 04:46:27"
"Classics",91,"2006-02-15 04:46:27"
"Classics",116,"2006-02-15 04:46:27"
"Classics",131,"2006-02-15 04:46:27"
"Classics",166,"2006-02-15 04:46:27"
"Classics",180,"2006-02-15 04:46:27"
"Classics",184,"2006-02-15 04:46:27"
"Classics",190,"2006-02-15 04:46:27"
"Classics",196,"2006-02-15 04:46:27"
"Classics",228,"2006-02-15 04:46:27"
"Classics",249,"2006-02-15 04:46:27"
"Classics",266,"2006-02-15 04:46:27"
"Classics",297,"2006-02-15 04:46:27"
"Classics",341,"2006-02-15 04:46:27"
"Classics",346,"2006-02-15 04:46:27"
"Classics",357,"2006-02-15 04:46:27"
"Classics",358,"2006-02-15 04:46:27"
"Classics",425,"2006-02-15 04:46:27"
"Classics",432,"2006-02-15 04:46:27"
"Classics",445,"2006-02-15 04:46:27"
"Classics",469,"2006-02-15 04:46:27"
"Classics",471,"2006-02-15 04:46:27"
"Classics",480,"2006-02-15 04:46:27"
"Classics",482,"2006-02-15 04:46:27"
"Classics",484,"2006-02-15 04:46:27"
"Classics",487,"2006-02-15 04:46:27"
"Classics",512,"2006-02-15 04:46:27"
"Classics",523,"2006-02-15 04:46:27"
"Classics",525,"2006-02-15 04:46:27"
"Classics",536,"2006-02-15 04:46:27"
"Classics",537,"2006-02-15 04:46:27"
"Classics",548,"2006-02-15 04:46:27"
"Classics",554,"2006-02-15 04:46:27"
"Classics",578,"2006-02-15 04:46:27"
"Classics",611,"2006-02-15 04:46:27"
"Classics",633,"2006-02-15 04:46:27"
"Classics",652,"2006-02-15 04:46:27"
"Classics",663,"2006-02-15 04:46:27"
"Classics",694,"2006-02-15 04:46:27"
"Classics",725,"2006-02-15 04:46:27"
"Classics",731,"2006-02-15 04:46:27"
"Classics",744,"2006-02-15 04:46:27"
"Classics",808,"2006-02-15 04:46:27"
"Classics",815,"2006-02-15 04:46:27"
"Classics",828,"2006-02-15 04:46:27"
"Classics",843,"2006-02-15 04:46:27"
"Classics",862,"2006-02-15 04:46:27"
"Classics",874,"2006-02-15 04:46:27"
"Classics",891,"2006-02-15 04:46:27"
"Classics",895,"2006-02-15 04:46:27"
"Classics",899,"2006-02-15 04:46:27"
"Classics",950,"2006-02-15 04:46:27"
"Classics",951,"2006-02-15 04:46:27"
"Classics",962,"2006-02-15 04:46:27"
"Classics",970,"2006-02-15 04:46:27"
"Comedy",7,"2006-02-15 04:46:27"
"Comedy",28,"2006-02-15 04:46:27"
"Comedy",99,"2006-02-15 04:46:27"
"Comedy",119,"2006-02-15 04:46:27"
"Comedy",127,"2006-02-15 04:46:27"
"Comedy",159,"2006-02-15 04:46:27"
"Comedy",178,"2006-02-15 04:46:27"
"Comedy",182,"2006-02-15 04:46:27"
"Comedy",188,"2006-02-15 04:46:27"
"Comedy",202,"2006-02-15 04:46:27"
"Comedy",242,"2006-02-15 04:46:27"
"Comedy",247,"2006-02-15 04:46:27"
"Comedy",265,"2006-02-15 04:46:27"
"Comedy",276,"2006-02-15 04:46:27"
"Comedy",308,"2006-02-15 04:46:27"
"Comedy",317,"2006-02-15 04:46:27"
"Comedy",324,"2006-02-15 04:46:27"
"Comedy",332,"2006-02-15 04:46:27"
"Comedy",335,"2006-02-15 04:46:27"
"Comedy",365,"2006-02-15 04:46:27"
"Comedy",385,"2006-02-15 04:46:27"
"Comedy",388,"2006-02-15 04:46:27"
"Comedy",404,"2006-02-15 04:46:27"
"Comedy",410,"2006-02-15 04:46:27"
"Comedy",413,"2006-02-15 04:46:27"
"Comedy",443,"2006-02-15 04:46:27"
"Comedy",444,"2006-02-15 04:46:27"
"Comedy",478,"2006-02-15 04:46:27"
"Comedy",502,"2006-02-15 04:46:27"
"Comedy",522,"2006-02-15 04:46:27"
"Comedy",524,"2006-02-15 04:46:27"
"Comedy",529,"2006-02-15 04:46:27"
"Comedy",555,"2006-02-15 04:46:27"
"Comedy",568,"2006-02-15 04:46:27"
"Comedy",604,"2006-02-15 04:46:27"
"Comedy",613,"2006-02-15 04:46:27"
"Comedy",638,"2006-02-15 04:46:27"
"Comedy",657,"2006-02-15 04:46:27"
"Comedy",660,"2006-02-15 04:46:27"
"Comedy",672,"2006-02-15 04:46:27"
"Comedy",680,"2006-02-15 04:46:27"
"Comedy",704,"2006-02-15 04:46:27"
"Comedy",754,"2006-02-15 04:46:27"
"Comedy",756,"2006-02-15 04:46:27"
"Comedy",765,"2006-02-15 04:46:27"
"Comedy",774,"2006-02-15 04:46:27"
"Comedy",814,"2006-02-15 04:46:27"
"Comedy",837,"2006-02-15 04:46:27"
"Comedy",857,"2006-02-15 04:46:27"
"Comedy",858,"2006-02-15 04:46:27"
"Comedy",871,"2006-02-15 04:46:27"
"Comedy",905,"2006-02-15 04:46:27"
"Comedy",906,"2006-02-15 04:46:27"
"Comedy",932,"2006-02-15 04:46:27"
"Comedy",938,"2006-02-15 04:46:27"
"Comedy",939,"2006-02-15 04:46:27"
"Comedy",978,"2006-02-15 04:46:27"
"Comedy",1000,"2006-02-15 04:46:27"
"Documentary",1,"2006-02-15 04:46:27"
"Documentary",3,"2006-02-15 04:46:27"
"Documentary",40,"2006-02-15 04:46:27"
"Documentary",58,"2006-02-15 04:46:27"
"Documentary",62,"2006-02-15 04:46:27"
"Documentary",72,"2006-02-15 04:46:27"
"Documentary",85,"2006-02-15 04:46:27"
"Documentary",101,"2006-02-15 04:46:27"
"Documentary",129,"2006-02-15 04:46:27"
"Documentary",142,"2006-02-15 04:46:27"
"Documentary",150,"2006-02-15 04:46:27"
"Documentary",156,"2006-02-15 04:46:27"
"Documentary",164,"2006-02-15 04:46:27"
"Documentary",199,"2006-02-15 04:46:27"
"Documentary",206,"2006-02-15 04:46:27"
"Documentary",219,"2006-02-15 04:46:27"
"Documentary",221,"2006-02-15 04:46:27"
"Documentary",248,"2006-02-15 04:46:27"
"Documentary",261,"2006-02-15 04:46:27"
"Documentary",274,"2006-02-15 04:46:27"
"Documentary",295,"2006-02-15 04:46:27"
"Documentary",336,"2006-02-15 04:46:27"
"Documentary",393,"2006-02-15 04:46:27"
"Documentary",400,"2006-02-15 04:46:27"
"Documentary",407,"2006-02-15 04:46:27"
"Documentary",412,"2006-02-15 04:46:27"
"Documentary",427,"2006-02-15 04:46:27"
"Documentary",441,"2006-02-15 04:46:27"
"Documentary",457,"2006-02-15 04:46:27"
"Documentary",466,"2006-02-15 04:46:27"
"Documentary",497,"2006-02-15 04:46:27"
"Documentary",544,"2006-02-15 04:46:27"
"Documentary",552,"2006-02-15 04:46:27"
"Documentary",571,"2006-02-15 04:46:27"
"Documentary",575,"2006-02-15 04:46:27"
"Documentary",576,"2006-02-15 04:46:27"
"Documentary",587,"2006-02-15 04:46:27"
"Documentary",589,"2006-02-15 04:46:27"
"Documentary",616,"2006-02-15 04:46:27"
"Documentary",622,"2006-02-15 04:46:27"
"Documentary",627,"2006-02-15 04:46:27"
"Documentary",629,"2006-02-15 04:46:27"
"Documentary",650,"2006-02-15 04:46:27"
"Documentary",670,"2006-02-15 04:46:27"
"Documentary",687,"2006-02-15 04:46:27"
"Documentary",698,"2006-02-15 04:46:27"
"Documentary",708,"2006-02-15 04:46:27"
"Documentary",712,"2006-02-15 04:46:27"
"Documentary",713,"2006-02-15 04:46:27"
"Documentary",734,"2006-02-15 04:46:27"
"Documentary",757,"2006-02-15 04:46:27"
"Documentary",776,"2006-02-15 04:46:27"
"Documentary",788,"2006-02-15 04:46:27"
"Documentary",791,"2006-02-15 04:46:27"
"Documentary",812,"2006-02-15 04:46:27"
"Documentary",834,"2006-02-15 04:46:27"
"Documentary",855,"2006-02-15 04:46:27"
"Documentary",888,"2006-02-15 04:46:27"
"Documentary",925,"2006-02-15 04:46:27"
"Documentary",926,"2006-02-15 04:46:27"
"Documentary",943,"2006-02-15 04:46:27"
"Documentary",945,"2006-02-15 04:46:27"
"Documentary",952,"2006-02-15 04:46:27"
"Documentary",960,"2006-02-15 04:46:27"
"Documentary",966,"2006-02-15 04:46:27"
"Documentary",973,"2006-02-15 04:46:27"
"Documentary",992,"2006-02-15 04:46:27"
"Documentary",996,"2006-02-15 04:46:27"
"Drama",33,"2006-02-15 04:46:27"
"Drama",61,"2006-02-15 04:46:27"
"Drama",64,"2006-02-15 04:46:27"
"Drama",79,"2006-02-15 04:46:27"
"Drama",98,"2006-02-15 04:46:27"
"Drama",107,"2006-02-15 04:46:27"
"Drama",143,"2006-02-15 04:46:27"
"Drama",146,"2006-02-15 04:46:27"
"Drama",172,"2006-02-15 04:46:27"
"Drama",173,"2006-02-15 04:46:27"
"Drama",179,"2006-02-15 04:46:27"
"Drama",186,"2006-02-15 04:46:27"
"Drama",204,"2006-02-15 04:46:27"
"Drama",209,"2006-02-15 04:46:27"
"Drama",218,"2006-02-15 04:46:27"
"Drama",225,"2006-02-15 04:46:27"
"Drama",230,"2006-02-15 04:46:27"
"Drama",272,"2006-02-15 04:46:27"
"Drama",282,"2006-02-15 04:46:27"
"Drama",366,"2006-02-15 04:46:27"
"Drama",368,"2006-02-15 04:46:27"
"Drama",379,"2006-02-15 04:46:27"
"Drama",396,"2006-02-15 04:46:27"
"Drama",401,"2006-02-15 04:46:27"
"Drama",403,"2006-02-15 04:46:27"
"Drama",418,"2006-02-15 04:46:27"
"Drama",439,"2006-02-15 04:46:27"
"Drama",473,"2006-02-15 04:46:27"
"Drama",504,"2006-02-15 04:46:27"
"Drama",514,"2006-02-15 04:46:27"
"Drama",521,"2006-02-15 04:46:27"
"Drama",539,"2006-02-15 04:46:27"
"Drama",585,"2006-02-15 04:46:27"
"Drama",618,"2006-02-15 04:46:27"
"Drama",630,"2006-02-15 04:46:27"
"Drama",643,"2006-02-15 04:46:27"
"Drama",662,"2006-02-15 04:46:27"
"Drama",666,"2006-02-15 04:46:27"
"Drama",683,"2006-02-15 04:46:27"
"Drama",706,"2006-02-15 04:46:27"
"Drama",709,"2006-02-15 04:46:27"
"Drama",728,"2006-02-15 04:46:27"
"Drama",739,"2006-02-15 04:46:27"
"Drama",758,"2006-02-15 04:46:27"
"Drama",766,"2006-02-15 04:46:27"
"Drama",771,"2006-02-15 04:46:27"
"Drama",772,"2006-02-15 04:46:27"
"Drama",775,"2006-02-15 04:46:27"
"Drama",790,"2006-02-15 04:46:27"
"Drama",803,"2006-02-15 04:46:27"
"Drama",818,"2006-02-15 04:46:27"
"Drama",827,"2006-02-15 04:46:27"
"Drama",882,"2006-02-15 04:46:27"
"Drama",897,"2006-02-15 04:46:27"
"Drama",907,"2006-02-15 04:46:27"
"Drama",910,"2006-02-15 04:46:27"
"Drama",923,"2006-02-15 04:46:27"
"Drama",942,"2006-02-15 04:46:27"
"Drama",944,"2006-02-15 04:46:27"
"Drama",958,"2006-02-15 04:46:27"
"Drama",969,"2006-02-15 04:46:27"
"Drama",979,"2006-02-15 04:46:27"
"Family",5,"2006-02-15 04:46:27"
"Family",31,"2006-02-15 04:46:27"
"Family",43,"2006-02-15 04:46:27"
"Family",50,"2006-02-15 04:46:27"
"Family",53,"2006-02-15 04:46:27"
"Family",63,"2006-02-15 04:46:27"
"Family",71,"2006-02-15 04:46:27"
"Family",80,"2006-02-15 04:46:27"
"Family",82,"2006-02-15 04:46:27"
"Family",83,"2006-02-15 04:46:27"
"Family",94,"2006-02-15 04:46:27"
"Family",139,"2006-02-15 04:46:27"
"Family",145,"2006-02-15 04:46:27"
"Family",147,"2006-02-15 04:46:27"
"Family",175,"2006-02-15 04:46:27"
"Family",183,"2006-02-15 04:46:27"
"Family",213,"2006-02-15 04:46:27"
"Family",231,"2006-02-15 04:46:27"
"Family",262,"2006-02-15 04:46:27"
"Family",269,"2006-02-15 04:46:27"
"Family",273,"2006-02-15 04:46:27"
"Family",309,"2006-02-15 04:46:27"
"Family",315,"2006-02-15 04:46:27"
"Family",345,"2006-02-15 04:46:27"
"Family",348,"2006-02-15 04:46:27"
"Family",359,"2006-02-15 04:46:27"
"Family",377,"2006-02-15 04:46:27"
"Family",391,"2006-02-15 04:46:27"
"Family",419,"2006-02-15 04:46:27"
"Family",428,"2006-02-15 04:46:27"
"Family",437,"2006-02-15 04:46:27"
"Family",442,"2006-02-15 04:46:27"
"Family",458,"2006-02-15 04:46:27"
"Family",476,"2006-02-15 04:46:27"
"Family",479,"2006-02-15 04:46:27"
"Family",498,"2006-02-15 04:46:27"
"Family",499,"2006-02-15 04:46:27"
"Family",528,"2006-02-15 04:46:27"
"Family",534,"2006-02-15 04:46:27"
"Family",550,"2006-02-15 04:46:27"
"Family",557,"2006-02-15 04:46:27"
"Family",603,"2006-02-15 04:46:27"
"Family",610,"2006-02-15 04:46:27"
"Family",617,"2006-02-15 04:46:27"
"Family",621,"2006-02-15 04:46:27"
"Family",634,"2006-02-15 04:46:27"
"Family",639,"2006-02-15 04:46:27"
"Family",679,"2006-02-15 04:46:27"
"Family",682,"2006-02-15 04:46:27"
"Family",695,"2006-02-15 04:46:27"
"Family",700,"2006-02-15 04:46:27"
"Family",710,"2006-02-15 04:46:27"
"Family",715,"2006-02-15 04:46:27"
"Family",724,"2006-02-15 04:46:27"
"Family",727,"2006-02-15 04:46:27"
"Family",736,"2006-02-15 04:46:27"
"Family",753,"2006-02-15 04:46:27"
"Family",778,"2006-02-15 04:46:27"
"Family",780,"2006-02-15 04:46:27"
"Family",795,"2006-02-15 04:46:27"
"Family",810,"2006-02-15 04:46:27"
"Family",822,"2006-02-15 04:46:27"
"Family",824,"2006-02-15 04:46:27"
"Family",829,"2006-02-15 04:46:27"
"Family",832,"2006-02-15 04:46:27"
"Family",866,"2006-02-15 04:46:27"
"Family",867,"2006-02-15 04:46:27"
"Family",946,"2006-02-15 04:46:27"
"Family",975,"2006-02-15 04:46:27"
"Foreign",6,"2006-02-15 04:46:27"
"Foreign",11,"2006-02-15 04:46:27"
"Foreign",15,"2006-02-15 04:46:27"
"Foreign",16,"2006-02-15 04:46:27"
"Foreign",47,"2006-02-15 04:46:27"
"Foreign",52,"2006-02-15 04:46:27"
"Foreign",100,"2006-02-15 04:46:27"
"Foreign",104,"2006-02-15 04:46:27"
"Foreign",112,"2006-02-15 04:46:27"
"Foreign",128,"2006-02-15 04:46:27"
"Foreign",148,"2006-02-15 04:46:27"
"Foreign",170,"2006-02-15 04:46:27"
"Foreign",185,"2006-02-15 04:46:27"
"Foreign",192,"2006-02-15 04:46:27"
"Foreign",198,"2006-02-15 04:46:27"
"Foreign",201,"2006-02-15 04:46:27"
"Foreign",207,"2006-02-15 04:46:27"
"Foreign",246,"2006-02-15 04:46:27"
"Foreign",290,"2006-02-15 04:46:27"
"Foreign",311,"2006-02-15 04:46:27"
"Foreign",337,"2006-02-15 04:46:27"
"Foreign",353,"2006-02-15 04:46:27"
"Foreign",376,"2006-02-15 04:46:27"
"Foreign",380,"2006-02-15 04:46:27"
"Foreign",399,"2006-02-15 04:46:27"
"Foreign",414,"2006-02-15 04:46:27"
"Foreign",416,"2006-02-15 04:46:27"
"Foreign",421,"2006-02-15 04:46:27"
"Foreign",431,"2006-02-15 04:46:27"
"Foreign",435,"2006-02-15 04:46:27"
"Foreign",440,"2006-02-15 04:46:27"
"Foreign",452,"2006-02-15 04:46:27"
"Foreign",455,"2006-02-15 04:46:27"
"Foreign",459,"2006-02-15 04:46:27"
"Foreign",460,"2006-02-15 04:46:27"
"Foreign",467,"2006-02-15 04:46:27"
"Foreign",486,"2006-02-15 04:46:27"
"Foreign",493,"2006-02-15 04:46:27"
"Foreign",500,"2006-02-15 04:46:27"
"Foreign",531,"2006-02-15 04:46:27"
"Foreign",533,"2006-02-15 04:46:27"
"Foreign",545,"2006-02-15 04:46:27"
"Foreign",565,"2006-02-15 04:46:27"
"Foreign",566,"2006-02-15 04:46:27"
"Foreign",567,"2006-02-15 04:46:27"
"Foreign",584,"2006-02-15 04:46:27"
"Foreign",595,"2006-02-15 04:46:27"
"Foreign",605,"2006-02-15 04:46:27"
"Foreign",607,"2006-02-15 04:46:27"
"Foreign",623,"2006-02-15 04:46:27"
"Foreign",640,"2006-02-15 04:46:27"
"Foreign",641,"2006-02-15 04:46:27"
"Foreign",661,"2006-02-15 04:46:27"
"Foreign",669,"2006-02-15 04:46:27"
"Foreign",674,"2006-02-15 04:46:27"
"Foreign",689,"2006-02-15 04:46:27"
"Foreign",705,"2006-02-15 04:46:27"
"Foreign",726,"2006-02-15 04:46:27"
"Foreign",738,"2006-02-15 04:46:27"
"Foreign",769,"2006-02-15 04:46:27"
"Foreign",770,"2006-02-15 04:46:27"
"Foreign",789,"2006-02-15 04:46:27"
"Foreign",792,"2006-02-15 04:46:27"
"Foreign",821,"2006-02-15 04:46:27"
"Foreign",845,"2006-02-15 04:46:27"
"Foreign",900,"2006-02-15 04:46:27"
"Foreign",908,"2006-02-15 04:46:27"
"Foreign",929,"2006-02-15 04:46:27"
"Foreign",947,"2006-02-15 04:46:27"
"Foreign",957,"2006-02-15 04:46:27"
"Foreign",961,"2006-02-15 04:46:27"
"Foreign",971,"2006-02-15 04:46:27"
"Foreign",984,"2006-02-15 04:46:27"
"Games",46,"2006-02-15 04:46:27"
"Games",106,"2006-02-15 04:46:27"
"Games",117,"2006-02-15 04:46:27"
"Games",141,"2006-02-15 04:46:27"
"Games",189,"2006-02-15 04:46:27"
"Games",200,"2006-02-15 04:46:27"
"Games",211,"2006-02-15 04:46:27"
"Games",215,"2006-02-15 04:46:27"
"Games",217,"2006-02-15 04:46:27"
"Games",227,"2006-02-15 04:46:27"
"Games",232,"2006-02-15 04:46:27"
"Games",236,"2006-02-15 04:46:27"
"Games",264,"2006-02-15 04:46:27"
"Games",281,"2006-02-15 04:46:27"
"Games",302,"2006-02-15 04:46:27"
"Games",306,"2006-02-15 04:46:27"
"Games",310,"2006-02-15 04:46:27"
"Games",316,"2006-02-15 04:46:27"
"Games",331,"2006-02-15 04:46:27"
"Games",352,"2006-02-15 04:46:27"
"Games",362,"2006-02-15 04:46:27"
"Games",381,"2006-02-15 04:46:27"
"Games",382,"2006-02-15 04:46:27"
"Games",387,"2006-02-15 04:46:27"
"Games",406,"2006-02-15 04:46:27"
"Games",408,"2006-02-15 04:46:27"
"Games",438,"2006-02-15 04:46:27"
"Games",447,"2006-02-15 04:46:27"
"Games",483,"2006-02-15 04:46:27"
"Games",507,"2006-02-15 04:46:27"
"Games",508,"2006-02-15 04:46:27"
"Games",546,"2006-02-15 04:46:27"
"Games",556,"2006-02-15 04:46:27"
"Games",560,"2006-02-15 04:46:27"
"Games",563,"2006-02-15 04:46:27"
"Games",591,"2006-02-15 04:46:27"
"Games",596,"2006-02-15 04:46:27"
"Games",597,"2006-02-15 04:46:27"
"Games",614,"2006-02-15 04:46:27"
"Games",624,"2006-02-15 04:46:27"
"Games",646,"2006-02-15 04:46:27"
"Games",654,"2006-02-15 04:46:27"
"Games",684,"2006-02-15 04:46:27"
"Games",699,"2006-02-15 04:46:27"
"Games",701,"2006-02-15 04:46:27"
"Games",742,"2006-02-15 04:46:27"
"Games",746,"2006-02-15 04:46:27"
"Games",747,"2006-02-15 04:46:27"
"Games",762,"2006-02-15 04:46:27"
"Games",781,"2006-02-15 04:46:27"
"Games",807,"2006-02-15 04:46:27"
"Games",835,"2006-02-15 04:46:27"
"Games",840,"2006-02-15 04:46:27"
"Games",842,"2006-02-15 04:46:27"
"Games",861,"2006-02-15 04:46:27"
"Games",919,"2006-02-15 04:46:27"
"Games",934,"2006-02-15 04:46:27"
"Games",941,"2006-02-15 04:46:27"
"Games",949,"2006-02-15 04:46:27"
"Games",956,"2006-02-15 04:46:27"
"Games",976,"2006-02-15 04:46:27"
"Horror",2,"2006-02-15 04:46:27"
"Horror",4,"2006-02-15 04:46:27"
"Horror",8,"2006-02-15 04:46:27"
"Horror",9,"2006-02-15 04:46:27"
"Horror",13,"2006-02-15 04:46:27"
"Horror",24,"2006-02-15 04:46:27"
"Horror",30,"2006-02-15 04:46:27"
"Horror",34,"2006-02-15 04:46:27"
"Horror",35,"2006-02-15 04:46:27"
"Horror",65,"2006-02-15 04:46:27"
"Horror",92,"2006-02-15 04:46:27"
"Horror",122,"2006-02-15 04:46:27"
"Horror",171,"2006-02-15 04:46:27"
"Horror",222,"2006-02-15 04:46:27"
"Horror",258,"2006-02-15 04:46:27"
"Horror",275,"2006-02-15 04:46:27"
"Horror",277,"2006-02-15 04:46:27"
"Horror",301,"2006-02-15 04:46:27"
"Horror",313,"2006-02-15 04:46:27"
"Horror",334,"2006-02-15 04:46:27"
"Horror",351,"2006-02-15 04:46:27"
"Horror",415,"2006-02-15 04:46:27"
"Horror",475,"2006-02-15 04:46:27"
"Horror",494,"2006-02-15 04:46:27"
"Horror",495,"2006-02-15 04:46:27"
"Horror",506,"2006-02-15 04:46:27"
"Horror",527,"2006-02-15 04:46:27"
"Horror",535,"2006-02-15 04:46:27"
"Horror",593,"2006-02-15 04:46:27"
"Horror",600,"2006-02-15 04:46:27"
"Horror",653,"2006-02-15 04:46:27"
"Horror",658,"2006-02-15 04:46:27"
"Horror",665,"2006-02-15 04:46:27"
"Horror",702,"2006-02-15 04:46:27"
"Horror",716,"2006-02-15 04:46:27"
"Horror",722,"2006-02-15 04:46:27"
"Horror",737,"2006-02-15 04:46:27"
"Horror",740,"2006-02-15 04:46:27"
"Horror",749,"2006-02-15 04:46:27"
"Horror",799,"2006-02-15 04:46:27"
"Horror",800,"2006-02-15 04:46:27"
"Horror",804,"2006-02-15 04:46:27"
"Horror",830,"2006-02-15 04:46:27"
"Horror",854,"2006-02-15 04:46:27"
"Horror",856,"2006-02-15 04:46:27"
"Horror",870,"2006-02-15 04:46:27"
"Horror",876,"2006-02-15 04:46:27"
"Horror",881,"2006-02-15 04:46:27"
"Horror",885,"2006-02-15 04:46:27"
"Horror",904,"2006-02-15 04:46:27"
"Horror",909,"2006-02-15 04:46:27"
"Horror",922,"2006-02-15 04:46:27"
"Horror",965,"2006-02-15 04:46:27"
"Horror",990,"2006-02-15 04:46:27"
"Horror",995,"2006-02-15 04:46:27"
"Horror",998,"2006-02-15 04:46:27"
"Music",12,"2006-02-15 04:46:27"
"Music",17,"2006-02-15 04:46:27"
"Music",20,"2006-02-15 04:46:27"
"Music",51,"2006-02-15 04:46:27"
"Music",54,"2006-02-15 04:46:27"
"Music",74,"2006-02-15 04:46:27"
"Music",76,"2006-02-15 04:46:27"
"Music",86,"2006-02-15 04:46:27"
"Music",133,"2006-02-15 04:46:27"
"Music",158,"2006-02-15 04:46:27"
"Music",161,"2006-02-15 04:46:27"
"Music",174,"2006-02-15 04:46:27"
"Music",220,"2006-02-15 04:46:27"
"Music",244,"2006-02-15 04:46:27"
"Music",255,"2006-02-15 04:46:27"
"Music",278,"2006-02-15 04:46:27"
"Music",284,"2006-02-15 04:46:27"
"Music",333,"2006-02-15 04:46:27"
"Music",363,"2006-02-15 04:46:27"
"Music",378,"2006-02-15 04:46:27"
"Music",384,"2006-02-15 04:46:27"
"Music",398,"2006-02-15 04:46:27"
"Music",411,"2006-02-15 04:46:27"
"Music",426,"2006-02-15 04:46:27"
"Music",454,"2006-02-15 04:46:27"
"Music",462,"2006-02-15 04:46:27"
"Music",477,"2006-02-15 04:46:27"
"Music",516,"2006-02-15 04:46:27"
"Music",540,"2006-02-15 04:46:27"
"Music",562,"2006-02-15 04:46:27"
"Music",581,"2006-02-15 04:46:27"
"Music",592,"2006-02-15 04:46:27"
"Music",636,"2006-02-15 04:46:27"
"Music",647,"2006-02-15 04:46:27"
"Music",673,"2006-02-15 04:46:27"
"Music",718,"2006-02-15 04:46:27"
"Music",721,"2006-02-15 04:46:27"
"Music",741,"2006-02-15 04:46:27"
"Music",752,"2006-02-15 04:46:27"
"Music",767,"2006-02-15 04:46:27"
"Music",797,"2006-02-15 04:46:27"
"Music",819,"2006-02-15 04:46:27"
"Music",877,"2006-02-15 04:46:27"
"Music",879,"2006-02-15 04:46:27"
"Music",884,"2006-02-15 04:46:27"
"Music",921,"2006-02-15 04:46:27"
"Music",936,"2006-02-15 04:46:27"
"Music",980,"2006-02-15 04:46:27"
"Music",983,"2006-02-15 04:46:27"
"Music",987,"2006-02-15 04:46:27"
"Music",997,"2006-02-15 04:46:27"
"New",22,"2006-02-15 04:46:27"
"New",25,"2006-02-15 04:46:27"
"New",32,"2006-02-15 04:46:27"
"New",45,"2006-02-15 04:46:27"
"New",77,"2006-02-15 04:46:27"
"New",90,"2006-02-15 04:46:27"
"New",93,"2006-02-15 04:46:27"
"New",95,"2006-02-15 04:46:27"
"New",96,"2006-02-15 04:46:27"
"New",108,"2006-02-15 04:46:27"
"New",109,"2006-02-15 04:46:27"
"New",136,"2006-02-15 04:46:27"
"New",144,"2006-02-15 04:46:27"
"New",155,"2006-02-15 04:46:27"
"New",163,"2006-02-15 04:46:27"
"New",216,"2006-02-15 04:46:27"
"New",226,"2006-02-15 04:46:27"
"New",251,"2006-02-15 04:46:27"
"New",267,"2006-02-15 04:46:27"
"New",270,"2006-02-15 04:46:27"
"New",283,"2006-02-15 04:46:27"
"New",289,"2006-02-15 04:46:27"
"New",305,"2006-02-15 04:46:27"
"New",320,"2006-02-15 04:46:27"
"New",321,"2006-02-15 04:46:27"
"New",340,"2006-02-15 04:46:27"
"New",364,"2006-02-15 04:46:27"
"New",436,"2006-02-15 04:46:27"
"New",448,"2006-02-15 04:46:27"
"New",465,"2006-02-15 04:46:27"
"New",481,"2006-02-15 04:46:27"
"New",490,"2006-02-15 04:46:27"
"New",492,"2006-02-15 04:46:27"
"New",538,"2006-02-15 04:46:27"
"New",551,"2006-02-15 04:46:27"
"New",558,"2006-02-15 04:46:27"
"New",561,"2006-02-15 04:46:27"
"New",580,"2006-02-15 04:46:27"
"New",590,"2006-02-15 04:46:27"
"New",632,"2006-02-15 04:46:27"
"New",635,"2006-02-15 04:46:27"
"New",675,"2006-02-15 04:46:27"
"New",677,"2006-02-15 04:46:27"
"New",685,"2006-02-15 04:46:27"
"New",686,"2006-02-15 04:46:27"
"New",720,"2006-02-15 04:46:27"
"New",730,"2006-02-15 04:46:27"
"New",750,"2006-02-15 04:46:27"
"New",751,"2006-02-15 04:46:27"
"New",759,"2006-02-15 04:46:27"
"New",760,"2006-02-15 04:46:27"
"New",806,"2006-02-15 04:46:27"
"New",846,"2006-02-15 04:46:27"
"New",847,"2006-02-15 04:46:27"
"New",913,"2006-02-15 04:46:27"
"New",920,"2006-02-15 04:46:27"
"New",933,"2006-02-15 04:46:27"
"New",935,"2006-02-15 04:46:27"
"New",937,"2006-02-15 04:46:27"
"New",948,"2006-02-15 04:46:27"
"New",954,"2006-02-15 04:46:27"
"New",974,"2006-02-15 04:46:27"
"New",994,"2006-02-15 04:46:27"
"Sci-Fi",26,"2006-02-15 04:46:27"
"Sci-Fi",39,"2006-02-15 04:46:27"
"Sci-Fi",44,"2006-02-15 04:46:27"
"Sci-Fi",49,"2006-02-15 04:46:27"
"Sci-Fi",55,"2006-02-15 04:46:27"
"Sci-Fi",69,"2006-02-15 04:46:27"
"Sci-Fi",73,"2006-02-15 04:46:27"
"Sci-Fi",81,"2006-02-15 04:46:27"
"Sci-Fi",114,"2006-02-15 04:46:27"
"Sci-Fi",132,"2006-02-15 04:46:27"
"Sci-Fi",137,"2006-02-15 04:46:27"
"Sci-Fi",138,"2006-02-15 04:46:27"
"Sci-Fi",140,"2006-02-15 04:46:27"
"Sci-Fi",151,"2006-02-15 04:46:27"
"Sci-Fi",153,"2006-02-15 04:46:27"
"Sci-Fi",165,"2006-02-15 04:46:27"
"Sci-Fi",177,"2006-02-15 04:46:27"
"Sci-Fi",195,"2006-02-15 04:46:27"
"Sci-Fi",203,"2006-02-15 04:46:27"
"Sci-Fi",234,"2006-02-15 04:46:27"
"Sci-Fi",235,"2006-02-15 04:46:27"
"Sci-Fi",240,"2006-02-15 04:46:27"
"Sci-Fi",285,"2006-02-15 04:46:27"
"Sci-Fi",296,"2006-02-15 04:46:27"
"Sci-Fi",298,"2006-02-15 04:46:27"
"Sci-Fi",312,"2006-02-15 04:46:27"
"Sci-Fi",319,"2006-02-15 04:46:27"
"Sci-Fi",338,"2006-02-15 04:46:27"
"Sci-Fi",350,"2006-02-15 04:46:27"
"Sci-Fi",367,"2006-02-15 04:46:27"
"Sci-Fi",369,"2006-02-15 04:46:27"
"Sci-Fi",374,"2006-02-15 04:46:27"
"Sci-Fi",390,"2006-02-15 04:46:27"
"Sci-Fi",394,"2006-02-15 04:46:27"
"Sci-Fi",397,"2006-02-15 04:46:27"
"Sci-Fi",422,"2006-02-15 04:46:27"
"Sci-Fi",449,"2006-02-15 04:46:27"
"Sci-Fi",520,"2006-02-15 04:46:27"
"Sci-Fi",559,"2006-02-15 04:46:27"
"Sci-Fi",572,"2006-02-15 04:46:27"
"Sci-Fi",602,"2006-02-15 04:46:27"
"Sci-Fi",620,"2006-02-15 04:46:27"
"Sci-Fi",625,"2006-02-15 04:46:27"
"Sci-Fi",637,"2006-02-15 04:46:27"
"Sci-Fi",655,"2006-02-15 04:46:27"
"Sci-Fi",711,"2006-02-15 04:46:27"
"Sci-Fi",714,"2006-02-15 04:46:27"
"Sci-Fi",723,"2006-02-15 04:46:27"
"Sci-Fi",798,"2006-02-15 04:46:27"
"Sci-Fi",817,"2006-02-15 04:46:27"
"Sci-Fi",831,"2006-02-15 04:46:27"
"Sci-Fi",839,"2006-02-15 04:46:27"
"Sci-Fi",860,"2006-02-15 04:46:27"
"Sci-Fi",863,"2006-02-15 04:46:27"
"Sci-Fi",893,"2006-02-15 04:46:27"
"Sci-Fi",912,"2006-02-15 04:46:27"
"Sci-Fi",924,"2006-02-15 04:46:27"
"Sci-Fi",930,"2006-02-15 04:46:27"
"Sci-Fi",967,"2006-02-15 04:46:27"
"Sci-Fi",972,"2006-02-15 04:46:27"
"Sci-Fi",985,"2006-02-15 04:46:27"
"Sports",10,"2006-02-15 04:46:27"
"Sports",27,"2006-02-15 04:46:27"
"Sports",42,"2006-02-15 04:46:27"
"Sports",102,"2006-02-15 04:46:27"
"Sports",113,"2006-02-15 04:46:27"
"Sports",120,"2006-02-15 04:46:27"
"Sports",135,"2006-02-15 04:46:27"
"Sports",176,"2006-02-15 04:46:27"
"Sports",187,"2006-02-15 04:46:27"
"Sports",197,"2006-02-15 04:46:27"
"Sports",237,"2006-02-15 04:46:27"
"Sports",254,"2006-02-15 04:46:27"
"Sports",256,"2006-02-15 04:46:27"
"Sports",260,"2006-02-15 04:46:27"
"Sports",263,"2006-02-15 04:46:27"
"Sports",279,"2006-02-15 04:46:27"
"Sports",291,"2006-02-15 04:46:27"
"Sports",293,"2006-02-15 04:46:27"
"Sports",322,"2006-02-15 04:46:27"
"Sports",323,"2006-02-15 04:46:27"
"Sports",361,"2006-02-15 04:46:27"
"Sports",372,"2006-02-15 04:46:27"
"Sports",383,"2006-02-15 04:46:27"
"Sports",389,"2006-02-15 04:46:27"
"Sports",420,"2006-02-15 04:46:27"
"Sports",429,"2006-02-15 04:46:27"
"Sports",446,"2006-02-15 04:46:27"
"Sports",453,"2006-02-15 04:46:27"
"Sports",463,"2006-02-15 04:46:27"
"Sports",474,"2006-02-15 04:46:27"
"Sports",488,"2006-02-15 04:46:27"
"Sports",503,"2006-02-15 04:46:27"
"Sports",517,"2006-02-15 04:46:27"
"Sports",519,"2006-02-15 04:46:27"
"Sports",532,"2006-02-15 04:46:27"
"Sports",570,"2006-02-15 04:46:27"
"Sports",577,"2006-02-15 04:46:27"
"Sports",598,"2006-02-15 04:46:27"
"Sports",599,"2006-02-15 04:46:27"
"Sports",606,"2006-02-15 04:46:27"
"Sports",612,"2006-02-15 04:46:27"
"Sports",619,"2006-02-15 04:46:27"
"Sports",628,"2006-02-15 04:46:27"
"Sports",631,"2006-02-15 04:46:27"
"Sports",667,"2006-02-15 04:46:27"
"Sports",668,"2006-02-15 04:46:27"
"Sports",671,"2006-02-15 04:46:27"
"Sports",676,"2006-02-15 04:46:27"
"Sports",678,"2006-02-15 04:46:27"
"Sports",681,"2006-02-15 04:46:27"
"Sports",691,"2006-02-15 04:46:27"
"Sports",719,"2006-02-15 04:46:27"
"Sports",729,"2006-02-15 04:46:27"
"Sports",733,"2006-02-15 04:46:27"
"Sports",745,"2006-02-15 04:46:27"
"Sports",763,"2006-02-15 04:46:27"
"Sports",764,"2006-02-15 04:46:27"
"Sports",773,"2006-02-15 04:46:27"
"Sports",777,"2006-02-15 04:46:27"
"Sports",779,"2006-02-15 04:46:27"
"Sports",782,"2006-02-15 04:46:27"
"Sports",796,"2006-02-15 04:46:27"
"Sports",809,"2006-02-15 04:46:27"
"Sports",813,"2006-02-15 04:46:27"
"Sports",836,"2006-02-15 04:46:27"
"Sports",841,"2006-02-15 04:46:27"
"Sports",844,"2006-02-15 04:46:27"
"Sports",851,"2006-02-15 04:46:27"
"Sports",875,"2006-02-15 04:46:27"
"Sports",890,"2006-02-15 04:46:27"
"Sports",898,"2006-02-15 04:46:27"
"Sports",902,"2006-02-15 04:46:27"
"Sports",917,"2006-02-15 04:46:27"
"Sports",940,"2006-02-15 04:46:27"
"Travel",41,"2006-02-15 04:46:27"
"Travel",57,"2006-02-15 04:46:27"
"Travel",75,"2006-02-15 04:46:27"
"Travel",84,"2006-02-15 04:46:27"
"Travel",87,"2006-02-15 04:46:27"
"Travel",88,"2006-02-15 04:46:27"
"Travel",103,"2006-02-15 04:46:27"
"Travel",123,"2006-02-15 04:46:27"
"Travel",125,"2006-02-15 04:46:27"
"Travel",167,"2006-02-15 04:46:27"
"Travel",169,"2006-02-15 04:46:27"
"Travel",181,"2006-02-15 04:46:27"
"Travel",224,"2006-02-15 04:46:27"
"Travel",233,"2006-02-15 04:46:27"
"Travel",257,"2006-02-15 04:46:27"
"Travel",286,"2006-02-15 04:46:27"
"Travel",288,"2006-02-15 04:46:27"
"Travel",294,"2006-02-15 04:46:27"
"Travel",299,"2006-02-15 04:46:27"
"Travel",307,"2006-02-15 04:46:27"
"Travel",339,"2006-02-15 04:46:27"
"Travel",342,"2006-02-15 04:46:27"
"Travel",347,"2006-02-15 04:46:27"
"Travel",386,"2006-02-15 04:46:27"
"Travel",405,"2006-02-15 04:46:27"
"Travel",434,"2006-02-15 04:46:27"
"Travel",451,"2006-02-15 04:46:27"
"Travel",472,"2006-02-15 04:46:27"
"Travel",496,"2006-02-15 04:46:27"
"Travel",513,"2006-02-15 04:46:27"
"Travel",518,"2006-02-15 04:46:27"
"Travel",526,"2006-02-15 04:46:27"
"Travel",543,"2006-02-15 04:46:27"
"Travel",601,"2006-02-15 04:46:27"
"Travel",609,"2006-02-15 04:46:27"
"Travel",642,"2006-02-15 04:46:27"
"Travel",645,"2006-02-15 04:46:27"
"Travel",648,"2006-02-15 04:46:27"
"Travel",656,"2006-02-15 04:46:27"
"Travel",783,"2006-02-15 04:46:27"
"Travel",784,"2006-02-15 04:46:27"
"Travel",785,"2006-02-15 04:46:27"
"Travel",787,"2006-02-15 04:46:27"
"Travel",811,"2006-02-15 04:46:27"
"Travel",826,"2006-02-15 04:46:27"
"Travel",848,"2006-02-15 04:46:27"
"Travel",868,"2006-02-15 04:46:27"
"Travel",872,"2006-02-15 04:46:27"
"Travel",878,"2006-02-15 04:46:27"
"Travel",894,"2006-02-15 04:46:27"
"Travel",903,"2006-02-15 04:46:27"
"Travel",914,"2006-02-15 04:46:27"
"Travel",931,"2006-02-15 04:46:27"
"Travel",977,"2006-02-15 04:46:27"
"Travel",981,"2006-02-15 04:46:27"
"Travel",988,"2006-02-15 04:46:27"
"Travel",989,"2006-02-15 04:46:27"
